Workbook
Name 安装测试用例常用测试项: [1]常用测试方法!#REF!
Name 单元测试用例常用测试项: [1]常用测试方法!#REF!
Name 功能测试用例常用测试项: [1]常用测试方法!#REF!
Name 界面测试用例常用测试项: [1]常用测试方法!#REF!
Name 压力测试用例常用测试项: [1]常用测试方法!#REF!

Sheet Information
B1: Shanghai Jiao Tong University 上海交通大学 上海市闵行区东川路800号
B2: 项目名称 Project Name | E2: 密级 Confidentiality Level
B3: TraceLab 论文代码双向追溯工作台 | E3: 课程作业/内部
B4: 项目编号 Project ID | D4: 版本 version | E4: 文档编号 Document Code
B5: 15 | D5: 1.0 | E5: SE26Project-15_ST_001
B6: TraceLab System Test Case Form TraceLab 系统测试用例
B7: 项目组 | E7: Date 日期 | F7: 46231
B8: 待评审 | E8: Date 日期
B9: 待批准 | E9: Date 日期
B10: Revision Record 修订记录
B11: Date 日期 | D11: Revision Version 修订 版本 | E11: Change Description 修改描述 | F11: Author 作者
B12: 2026-07-28 | D12: 1.00 | E12: Initial TraceLab system test cases: functionality, usability, compatibility, and reliability. | F12: 项目组
B18: 测试结果分析
B19: 类别 | D19: 用例数 | E19: 通过数 | F19: 通过率
B20: 功能测试 | D20: =COUNTIF('Test Cases'!C:C,B20) -> 36 | E20: =SUMPRODUCT(('Test Cases'!C:C=B20)*('Test Cases'!J:J="Y")) -> 0 | F20: =IF(D20,E20/D20,0) -> 0
B22: 可靠性测试 | D22: =COUNTIF('Test Cases'!C:C,B22) -> 1 | E22: =SUMPRODUCT(('Test Cases'!C:C=B22)*('Test Cases'!J:J="Y")) -> 0 | F22: =IF(D22,E22/D22,0) -> 0
B23: 安全性测试 | D23: =COUNTIF('Test Cases'!C:C,B23) -> 0 | E23: =SUMPRODUCT(('Test Cases'!C:C=B23)*('Test Cases'!J:J="Y")) -> 0 | F23: =IF(D23,E23/D23,0) -> 0
B24: 兼容性测试 | D24: =COUNTIF('Test Cases'!C:C,B24) -> 3 | E24: =SUMPRODUCT(('Test Cases'!C:C=B24)*('Test Cases'!J:J="Y")) -> 0 | F24: =IF(D24,E24/D24,0) -> 0
B25: 易用性测试 | D25: =COUNTIF('Test Cases'!C:C,B25) -> 4 | E25: =SUMPRODUCT(('Test Cases'!C:C=B25)*('Test Cases'!J:J="Y")) -> 0 | F25: =IF(D25,E25/D25,0) -> 0
B26: 部署测试 | D26: =COUNTIF('Test Cases'!C:C,B26) -> 0 | E26: =SUMPRODUCT(('Test Cases'!C:C=B26)*('Test Cases'!J:J="Y")) -> 0 | F26: =IF(D26,E26/D26,0) -> 0
B27: 合计 | D27: =SUM(D20:D26) -> 44 | E27: =COUNTIF('Test Cases'!J:J,"Y") -> 0 | F27: =IF(D27,E27/D27,0) -> 0
B31: 测试用例详情
B32: 文档帮助

Sheet Test Cases
A1: TraceLab 系统测试用例
A4: Test Case ID 测试用例编号 | B4: Test Item 测试项 | C4: Test Type 测试类型 | D4: Test Case Title 测试用例标题 | E4: Test Criticality 测试优先级 | F4: Pre-condition 预置条件 | G4: Input & Procedure 输入与操作步骤 | H4: Expected Output 预期结果 | I4: Result 实际结果 | J4: Status 是否通过 | K4: BUG Severity 缺陷严重等级 | L4: Test Data / Environment 测试数据/环境 | M4: Remark 备注
A5: TC-F-001 | B5: 项目管理 | C5: 功能测试 | D5: 基本流：创建并进入本地项目 | E5: 高 | F5: 已启动 TraceLab，本地 API 健康检查通过。 | G5: 1. 进入项目列表。 2. 输入名称“Transformer 复现”和说明。 3. 点击创建。 | H5: 创建成功；列表出现该项目，自动进入对应工作台；项目同步状态为 local_only。 | L5: Windows 11；Chrome；本地 SQLite。 | M5: 核心基本流
A6: TC-F-002 | B6: 项目管理 | C6: 功能测试 | D6: 备选流：项目名称为空或全为空白 | E6: 高 | F6: 位于新建项目表单。 | G6: 1. 不输入名称，或输入仅空格。 2. 点击创建。 | H6: 表单阻止提交并显示名称校验提示；不创建空项目。 | L6: 同 TC-F-001。 | M6: 输入校验
A7: TC-F-003 | B7: 项目管理 | C7: 功能测试 | D7: 基本流：查看项目列表并打开既有项目 | E7: 高 | F7: 至少已有两个本地项目。 | G7: 1. 刷新/重新进入项目列表。 2. 双击其中一个项目卡片或点击打开。 | H7: 列表显示正确名称、说明和同步标识；进入被选项目，不影响其他项目。 | L7: 同 TC-F-001。
A8: TC-F-004 | B8: 项目管理 | C8: 功能测试 | D8: 备选流：单项目删除的取消与确认 | E8: 高 | F8: 存在包含论文、代码和追溯数据的测试项目。 | G8: 1. 对项目执行删除，先在二次确认框点击取消。 2. 再次删除并确认。 3. 刷新列表。 | H8: 取消后项目和数据仍在；确认后项目从列表消失，关联本地记录和上传目录被级联清理且不可恢复。 | L8: 包含 PDF、ZIP 和追溯关系的项目。 | M8: 破坏性操作
A9: TC-F-005 | B9: 项目管理 | C9: 功能测试 | D9: 基本流与边界：批量删除项目 | E9: 高 | F9: 至少创建 3 个测试项目。 | G9: 1. 进入批量管理并勾选 2 个项目。 2. 取消一次确认。 3. 再确认批量删除。 4. 尝试选择超过 100 个 ID 的接口请求。 | H9: 取消不删除；确认后仅选中项目被删除；后端对超过上限的请求返回清晰校验错误，不误删未选项目。 | L9: 本地项目 3 个以上；接口工具。 | M9: 基本流+边界
A10: TC-F-006 | B10: 集成设置 | C10: 功能测试 | D10: 基本流：保存并探测 Agent/MinerU 设置 | E10: 高 | F10: 可用的测试 Agent 和 MinerU 服务，或对应 mock 服务。 | G10: 1. 打开设置。 2. 填写 Agent 地址、模型、密钥和 MinerU 本地地址。 3. 分别点击探测并保存。 4. 重新打开设置。 | H10: 探测展示 ok、延迟或明确失败码；保存立即生效；读取界面仅显示密钥已配置，不回显密钥。 | L10: 测试密钥；本地 mock 或受控服务。 | M10: 核心配置
A11: TC-F-007 | B11: 集成设置 | C11: 功能测试 | D11: 备选流：连接失败及密钥清除 | E11: 高 | F11: 已保存一组可用密钥。 | G11: 1. 输入错误地址、错误密钥或极短超时后探测。 2. 保存时省略密钥。 3. 显式选择清除密钥后保存。 | H11: 失败以 unauthorized/timeout/transport_error 等可理解结果呈现且应用不中断；省略密钥保留旧值；显式清除后状态变为未配置。 | L11: 不可达地址；错误密钥。 | M11: 异常流
A12: TC-F-008 | B12: 论文导入 | C12: 功能测试 | D12: 基本流：上传 PDF 并完成 MinerU 异步解析 | E12: 高 | F12: 已创建项目；MinerU 配置可用；准备含章节、公式和图片的 PDF。 | G12: 1. 在工作台选择 PDF 导入。 2. 观察 queued/running 状态。 3. 等待 succeeded。 4. 打开论文阅读器。 | H12: 任务状态按序更新；成功后展示 Markdown、章节、图片/公式和可用的 PDF 视图；最新论文元数据被保存。 | L12: 20 页以内测试论文 PDF。 | M12: 核心基本流
A13: TC-F-009 | B13: 论文导入 | C13: 功能测试 | D13: 备选流：非 PDF、损坏 PDF 与解析服务不可用 | E13: 高 | F13: 位于论文导入入口。 | G13: 1. 选择 TXT/ZIP 文件。 2. 选择损坏 PDF。 3. 停止 MinerU 后上传有效 PDF。 | H13: 非 PDF 在前端或服务端被拒绝；损坏文件/服务不可用任务进入 failed 并显示原因；TraceLab 不退出，用户可修复设置后重新提交。 | L13: TXT、损坏 PDF；停止的 MinerU。 | M13: 异常流
A14: TC-F-010 | B14: 论文阅读 | C14: 功能测试 | D14: 基本流与回退：论文证据定位 | E14: 高 | F14: 已解析论文；存在带 block_id、quote 的追溯证据。 | G14: 1. 从追溯关系或 Agent 引用点击论文证据。 2. 验证滚动和高亮。 3. 使用不存在的精确锚点再次跳转。 | H14: 存在锚点时准确定位到相应块/页；锚点缺失时回退到最近章节或引文并提示“精确锚点不可用”，不跳到错误内容。 | L14: 含已知块编号的论文 fixture。 | M14: 基本流+备选流
A15: TC-F-011 | B15: 代码导入 | C15: 功能测试 | D15: 基本流：上传 ZIP、过滤文件并完成静态分析 | E15: 高 | F15: 已创建项目；准备含 Python 源码、.gitignore、node_modules 和 .DS_Store 的 ZIP。 | G15: 1. 上传 ZIP。 2. 等待分析完成。 3. 查看文件树和分析摘要。 | H15: 仓库导入成功；文件树只显示允许的相对路径；忽略构建产物/系统文件；摘要给出文件、符号、调用等真实统计。 | L15: 小型 PyTorch fixture ZIP。 | M15: 核心基本流
A16: TC-F-012 | B16: 代码导入 | C16: 功能测试 | D16: 备选流：非法 ZIP、路径穿越和超限文件 | E16: 高 | F16: 已创建项目；准备损坏 ZIP、含 ../ 或绝对路径成员的 ZIP。 | G16: 1. 依次上传上述 ZIP。 2. 观察错误和项目原有数据。 | H16: 请求被安全拒绝并给出清晰错误；非法成员不会写入工作区或进入分析；原有有效仓库保持可用。 | L16: 安全测试 ZIP fixture。 | M16: 安全边界
A17: TC-F-013 | B17: 代码导入 | C17: 功能测试 | D17: 基本流：导入公开 HTTPS GitHub 仓库 | E17: 高 | F17: 网络可用；准备公开 GitHub 测试仓库 URL。 | G17: 1. 打开“从 GitHub 导入”。 2. 输入 https://github.com/owner/repository。 3. 确认导入并查看文件树。 | H17: 系统浅克隆默认分支并复用 ZIP 分析链路；显示仓库、文件树和分析结果。 | L17: 公开小型 GitHub 仓库。 | M17: 依赖外网
A18: TC-F-014 | B18: 代码导入 | C18: 功能测试 | D18: 备选流：拒绝不安全或不可访问的 GitHub 地址 | E18: 高 | F18: 位于 GitHub 导入对话框。 | G18: 1. 分别输入 http、带凭据、带 query、非 github.com、私有或不存在的仓库 URL。 2. 提交。 | H18: 格式不合法时立即提示；克隆失败/超时时给出可恢复错误；不写入半成品仓库。 | L18: 非法 URL 集合；不可访问仓库。 | M18: 异常流
A19: TC-F-015 | B19: 代码浏览与编辑 | C19: 功能测试 | D19: 基本流：读取、编辑并保存代码 | E19: 高 | F19: 已导入含 Python 文件的仓库。 | G19: 1. 在文件树打开 models/model.py。 2. 修改一行有效代码。 3. 保存并重新打开该文件。 | H19: 编辑器显示正确内容和脏状态；保存成功后内容持久化，仓库 revision 递增；重新打开可见新内容。 | L19: 含 models/model.py 的 fixture。 | M19: 核心基本流
... A48: TC-R-001 | B48: 可靠性（可选） | C48: 可靠性测试 | D48: 重启与网络中断后的数据恢复 | E48: 中 | F48: 已有未完成解析/分析、未同步 outbox 和已保存项目。 | G48: 1. 在任务运行和同步过程中关闭应用/断网。 2. 重启应用并恢复网络。 3. 检查任务、项目、文件、追溯和同步状态。 | H48: 已提交数据不丢失或损坏；可恢复任务按状态机处理；同步可安全重试，重复请求不制造重复实体。 | L48: 测试副本；可控断网。 | M48: 可选恢复测试

Sheet 测试方法说明
A1: 测试类型 | B1: TraceLab 测试方法与范围
A2: 功能测试 | B2: 以项目创建、论文解析、仓库导入/编辑、张量流、追溯审阅、Agent、认证和同步为对象。每项至少覆盖一个基本流和一个备选/异常流；以界面行为、接口响应、持久化数据和可定位证据共同判定。
A3: 易用性测试 | B3: 采用任务式观察：未参与开发者独立完成论文到代码追溯闭环，记录完成率、完成时间、错误恢复、卡点和主观反馈；同时检查窄屏布局、键盘焦点、Esc 和图标按钮语义。
A4: 兼容性测试 | B4: Web 端覆盖 Chrome、Edge、Firefox、Safari 的主流程和 SSE/文件选择；桌面端覆盖 Windows 10/11 + WebView2 与 macOS Apple Silicon，验证 Tauri sidecar、文件系统和平台特性。
A5: 可靠性测试（可选） | B5: 在解析、分析、同步过程中模拟断网、应用关闭和外部服务不可用，验证任务状态机、幂等重试、SQLite 数据及 outbox/cursor 恢复，不允许静默丢失人工决定。
A6: 安全性测试 | B6: 检查 ZIP/路径访问边界、密钥不回显、Agent 外部能力显式信任和写操作人工确认、账号/工作区角色隔离、同步禁用字段剥离与管理员最小权限。
A7: 安装测试（可选） | B7: 在干净的 Windows/macOS 环境安装桌面包并首次启动，验证依赖提示、升级后本地数据可读、卸载/重装不误报数据状态。
